{"cameraMode":{"drawMode":0,"name":"Shaded","section":"Shading Mode"},"sceneLighting":true,"audioPlay":false,"sceneViewState":{"m_AlwaysRefresh":false,"showFog":true,"showSkybox":true,"showFlares":true,"showImageEffects":true,"showParticleSystems":true,"showVisualEffectGraphs":true,"m_FxEnabled":true},"in2DMode":false,"pivot":{"x":-1.0526843070983887,"y":1.0548202991485596,"z":-2.0257534980773927},"rotation":{"x":0.22975267469882966,"y":-0.0014598730485886336,"z":0.0003446292830631137,"w":0.9732478857040405},"size":5.542631149291992,"orthographic":true}